V1,V2,V3,V4,V5,V6,V7,V8,V9,V10,V11,V12,V13,V14,V15,V16,V17,V18,V19,V20,V21,V22,V23,V24,V25,V26,V27,V28,scaled_amount,scaled_amount_per_time,prediction
1.0,-1.2,0.5,2.3,-0.7,0.1,-0.4,1.5,0.9,0.2,0.8,-0.6,0.3,-0.2,-1.0,0.5,0.1,-0.7,0.2,1.1,-0.3,-0.8,1.4,0.6,0.4,-1.3,0.1,4.6,58.460191497474064,0.00016617472638531428,[0]
1.0,-1.2,0.5,2.3,-0.7,0.1,-0.4,1.5,0.9,0.2,0.8,-0.6,0.3,-0.2,-1.0,0.5,0.1,-0.7,0.2,1.1,-0.3,-0.8,1.4,0.6,0.4,-1.3,0.1,4.6,-12074.491762462696,0.038747356606911754,[0]
2.0,-2.2,2.5,4.3,-4.7,6.1,-7.4,16.5,7.9,9.2,2.8,-10.6,3.3,-6.2,-1.0,4.5,9.1,-5.7,9.2,3.1,-8.3,-4.8,9.4,3.6,7.4,-6.3,7.1,8.6,118.82313654205201,0.039842424257670525,[0]
-3.0435406239976,-3.15730712090228,1.08846277997285,2.2886436183814,1.35980512966107,-1.06482252298131,0.325574266158614,-0.0677936531906277,-0.270952836226548,-0.838586564582682,-0.414575448285725,-0.503140859566824,0.676501544635863,-1.69202893305906,2.00063483909015,0.666779695901966,0.599717413841732,1.72532100745514,0.283344830149495,2.10233879259444,0.661695924845707,0.435477208966341,1.37596574254306,-0.293803152734021,0.279798031841214,-0.145361714815161,-0.252773122530705,0.0357642251788156,317.4172257387135,0.22302028620232575,[0]
1.0,-1.2,0.5,2.3,-0.7,0.1,-0.4,1.5,0.9,0.2,0.8,-0.6,0.3,-0.2,-1.0,0.5,0.1,-0.7,0.2,1.1,-0.3,-0.8,1.4,0.6,0.4,-1.3,0.1,4.6,58.460191497474064,0.0016616226431934087,[0]
1.0,-1.2,0.5,2.3,-0.7,0.1,-0.4,1.5,0.9,0.2,0.8,-0.6,0.3,-0.2,-1.0,0.5,0.1,-0.7,0.2,1.1,-0.3,-0.8,1.4,0.6,0.4,-1.3,0.1,4.6,58.460191497474064,0.0016616226431934087,0
-3.0435406239976,-3.15730712090228,1.08846277997285,2.2886436183814,1.35980512966107,-1.06482252298131,0.325574266158614,-0.0677936531906277,-0.270952836226548,-0.838586564582682,-0.414575448285725,-0.503140859566824,0.676501544635863,-1.69202893305906,2.00063483909015,0.666779695901966,0.599717413841732,1.72532100745514,0.283344830149495,2.10233879259444,0.661695924845707,0.435477208966341,1.37596574254306,-0.293803152734021,0.279798031841214,-0.145361714815161,-0.252773122530705,0.0357642251788156,343.37329210788204,0.24114858923956584,0
1.0,-1.2,0.5,2.3,-0.7,0.1,-0.4,1.5,0.9,0.2,0.8,-0.6,0.3,-0.2,-1.0,0.5,0.1,-0.7,0.2,1.1,-0.3,-0.8,1.4,0.6,0.4,-1.3,0.1,4.6,58.460191497474064,0.0016616226431934087,0
